product_id,part_id,part_name,price,stock,description,image_name
1,1,Small Air Compressor,965.61,16,"Small Air Compressor from AIR COMPRESSOR under the Engine Parts category, designed for optimal performance.",Small Air Compressor.jpg
1,2,High-Pressure Air Compressor,580.34,23,"High-Pressure Air Compressor from AIR COMPRESSOR under the Engine Parts category, designed for optimal performance.",High-Pressure Air Compressor.jpg
1,3,Portable Air Compressor,982.97,23,"Portable Air Compressor from AIR COMPRESSOR under the Engine Parts category, designed for optimal performance.",Portable Air Compressor.jpg
1,4,Electric Air Compressor,623.65,16,"Electric Air Compressor from AIR COMPRESSOR under the Engine Parts category, designed for optimal performance.",Electric Air Compressor.jpg
1,5,Oil-Lubricated Air Compressor,816.14,28,"Oil-Lubricated Air Compressor from AIR COMPRESSOR under the Engine Parts category, designed for optimal performance.",Oil-Lubricated Air Compressor.jpg
2,6,V6 Engine Block,647.36,25,"V6 Engine Block from ENGINE BLOCK under the Engine Parts category, designed for optimal performance.",V6 Engine Block.jpg
2,7,Inline-4 Engine Block,758.69,26,"Inline-4 Engine Block from ENGINE BLOCK under the Engine Parts category, designed for optimal performance.",Inline-4 Engine Block.jpg
2,8,Diesel Engine Block,605.71,20,"Diesel Engine Block from ENGINE BLOCK under the Engine Parts category, designed for optimal performance.",Diesel Engine Block.jpg
2,9,Aluminum Engine Block,914.46,30,"Aluminum Engine Block from ENGINE BLOCK under the Engine Parts category, designed for optimal performance.",Aluminum Engine Block.jpg
2,10,Cast Iron Engine Block,873.98,18,"Cast Iron Engine Block from ENGINE BLOCK under the Engine Parts category, designed for optimal performance.",Cast Iron Engine Block.jpg
3,11,Intake Valve,540.2,30,"Intake Valve from ENGINE VALVE under the Engine Parts category, designed for optimal performance.",Intake Valve.jpg
3,12,Exhaust Valve,594.56,23,"Exhaust Valve from ENGINE VALVE under the Engine Parts category, designed for optimal performance.",Exhaust Valve.jpg
3,13,Sodium Filled Valve,798.32,13,"Sodium Filled Valve from ENGINE VALVE under the Engine Parts category, designed for optimal performance.",Sodium Filled Valve.jpg
3,14,Titanium Valve,687.18,28,"Titanium Valve from ENGINE VALVE under the Engine Parts category, designed for optimal performance.",Titanium Valve.jpg
3,15,Multi-Groove Valve,528.82,13,"Multi-Groove Valve from ENGINE VALVE under the Engine Parts category, designed for optimal performance.",Multi-Groove Valve.jpg
4,16,Roller Camshaft,726.4,17,"Roller Camshaft from CAMSHAFT under the Engine Parts category, designed for optimal performance.",Roller Camshaft.jpg
4,17,Flat-Tappet Camshaft,841.02,12,"Flat-Tappet Camshaft from CAMSHAFT under the Engine Parts category, designed for optimal performance.",Flat-Tappet Camshaft.jpg
4,18,Hydraulic Camshaft,600.8,21,"Hydraulic Camshaft from CAMSHAFT under the Engine Parts category, designed for optimal performance.",Hydraulic Camshaft.jpg
4,19,Solid Lifter Camshaft,586.59,21,"Solid Lifter Camshaft from CAMSHAFT under the Engine Parts category, designed for optimal performance.",Solid Lifter Camshaft.jpg
4,20,High-Lift Camshaft,835.03,19,"High-Lift Camshaft from CAMSHAFT under the Engine Parts category, designed for optimal performance.",High-Lift Camshaft.jpg
5,21,Forged Piston,766.36,13,"Forged Piston from PISTON under the Engine Parts category, designed for optimal performance.",Forged Piston.jpg
5,22,Cast Piston,868.43,28,"Cast Piston from PISTON under the Engine Parts category, designed for optimal performance.",Cast Piston.jpg
5,23,Hypereutectic Piston,509.24,11,"Hypereutectic Piston from PISTON under the Engine Parts category, designed for optimal performance.",Hypereutectic Piston.jpg
5,24,Racing Piston,879.29,15,"Racing Piston from PISTON under the Engine Parts category, designed for optimal performance.",Racing Piston.jpg
5,25,Low-Compression Piston,672.81,22,"Low-Compression Piston from PISTON under the Engine Parts category, designed for optimal performance.",Low-Compression Piston.jpg
6,26,Two-Barrel Carburetor,983.69,20,"Two-Barrel Carburetor from CARBURETOR under the Engine Parts category, designed for optimal performance.",Two-Barrel Carburetor.jpg
6,27,Four-Barrel Carburetor,750.91,16,"Four-Barrel Carburetor from CARBURETOR under the Engine Parts category, designed for optimal performance.",Four-Barrel Carburetor.jpg
6,28,Performance Carburetor,616.32,16,"Performance Carburetor from CARBURETOR under the Engine Parts category, designed for optimal performance.",Performance Carburetor.jpg
6,29,Electric Carburetor,549.09,29,"Electric Carburetor from CARBURETOR under the Engine Parts category, designed for optimal performance.",Electric Carburetor.jpg
6,30,High-Efficiency Carburetor,698.49,24,"High-Efficiency Carburetor from CARBURETOR under the Engine Parts category, designed for optimal performance.",High-Efficiency Carburetor.jpg
7,31,Single Clutch Plate,505.04,14,"Single Clutch Plate from CLUTCH PLATE under the Engine Parts category, designed for optimal performance.",Single Clutch Plate.jpg
7,32,Twin Disc Clutch Plate,815.12,20,"Twin Disc Clutch Plate from CLUTCH PLATE under the Engine Parts category, designed for optimal performance.",Twin Disc Clutch Plate.jpg
7,33,Racing Clutch Plate,979.61,15,"Racing Clutch Plate from CLUTCH PLATE under the Engine Parts category, designed for optimal performance.",Racing Clutch Plate.jpg
7,34,Organic Clutch Plate,775.95,22,"Organic Clutch Plate from CLUTCH PLATE under the Engine Parts category, designed for optimal performance.",Organic Clutch Plate.jpg
7,35,Ceramic Clutch Plate,579.87,18,"Ceramic Clutch Plate from CLUTCH PLATE under the Engine Parts category, designed for optimal performance.",Ceramic Clutch Plate.jpg
8,36,High-Output Alternator,587.05,27,"High-Output Alternator from ALTERNATOR under the Electrical Parts category, designed for optimal performance.",High-Output Alternator.jpg
8,37,Remanufactured Alternator,725.81,18,"Remanufactured Alternator from ALTERNATOR under the Electrical Parts category, designed for optimal performance.",Remanufactured Alternator.jpg
8,38,One-Wire Alternator,674.9,13,"One-Wire Alternator from ALTERNATOR under the Electrical Parts category, designed for optimal performance.",One-Wire Alternator.jpg
8,39,Brushless Alternator,970.84,16,"Brushless Alternator from ALTERNATOR under the Electrical Parts category, designed for optimal performance.",Brushless Alternator.jpg
8,40,Dual Alternator,710.77,13,"Dual Alternator from ALTERNATOR under the Electrical Parts category, designed for optimal performance.",Dual Alternator.jpg
9,41,High-Performance Ignition Coil,556.34,22,"High-Performance Ignition Coil from IGNITION COIL under the Electrical Parts category, designed for optimal performance.",High-Performance Ignition Coil.jpg
9,42,Coil-on-Plug Ignition Coil,590.52,17,"Coil-on-Plug Ignition Coil from IGNITION COIL under the Electrical Parts category, designed for optimal performance.",Coil-on-Plug Ignition Coil.jpg
9,43,Distributor-Type Ignition Coil,925.15,30,"Distributor-Type Ignition Coil from IGNITION COIL under the Electrical Parts category, designed for optimal performance.",Distributor-Type Ignition Coil.jpg
9,44,Direct Ignition Coil,672.8,27,"Direct Ignition Coil from IGNITION COIL under the Electrical Parts category, designed for optimal performance.",Direct Ignition Coil.jpg
9,45,Compact Ignition Coil,502.8,15,"Compact Ignition Coil from IGNITION COIL under the Electrical Parts category, designed for optimal performance.",Compact Ignition Coil.jpg
10,46,AGM Battery,909.51,27,"AGM Battery from BATTERY under the Electrical Parts category, designed for optimal performance.",AGM Battery.jpg
10,47,Gel Cell Battery,578.99,28,"Gel Cell Battery from BATTERY under the Electrical Parts category, designed for optimal performance.",Gel Cell Battery.jpg
10,48,Lead Acid Battery,816.45,26,"Lead Acid Battery from BATTERY under the Electrical Parts category, designed for optimal performance.",Lead Acid Battery.jpg
10,49,Lithium-Ion Battery,960.21,29,"Lithium-Ion Battery from BATTERY under the Electrical Parts category, designed for optimal performance.",Lithium-Ion Battery.jpg
10,50,Deep Cycle Battery,503.6,29,"Deep Cycle Battery from BATTERY under the Electrical Parts category, designed for optimal performance.",Deep Cycle Battery.jpg
11,51,Iridium Spark Plug,896.49,25,"Iridium Spark Plug from SPARK PLUG under the Electrical Parts category, designed for optimal performance.",Iridium Spark Plug.jpg
11,52,Platinum Spark Plug,908.7,22,"Platinum Spark Plug from SPARK PLUG under the Electrical Parts category, designed for optimal performance.",Platinum Spark Plug.jpg
11,53,Copper Spark Plug,503.44,20,"Copper Spark Plug from SPARK PLUG under the Electrical Parts category, designed for optimal performance.",Copper Spark Plug.jpg
11,54,Double Platinum Spark Plug,791.36,17,"Double Platinum Spark Plug from SPARK PLUG under the Electrical Parts category, designed for optimal performance.",Double Platinum Spark Plug.jpg
11,55,Laser Iridium Spark Plug,608.02,27,"Laser Iridium Spark Plug from SPARK PLUG under the Electrical Parts category, designed for optimal performance.",Laser Iridium Spark Plug.jpg
12,56,Standard Fuse Box,652.32,13,"Standard Fuse Box from FUSE BOX under the Electrical Parts category, designed for optimal performance.",Standard Fuse Box.jpg
12,57,Mini Fuse Box,962.99,24,"Mini Fuse Box from FUSE BOX under the Electrical Parts category, designed for optimal performance.",Mini Fuse Box.jpg
12,58,High-Power Fuse Box,927.84,19,"High-Power Fuse Box from FUSE BOX under the Electrical Parts category, designed for optimal performance.",High-Power Fuse Box.jpg
12,59,Waterproof Fuse Box,887.13,16,"Waterproof Fuse Box from FUSE BOX under the Electrical Parts category, designed for optimal performance.",Waterproof Fuse Box.jpg
12,60,Automotive Fuse Box,815.09,12,"Automotive Fuse Box from FUSE BOX under the Electrical Parts category, designed for optimal performance.",Automotive Fuse Box.jpg
13,61,Fixed Brake Caliper,775.05,15,"Fixed Brake Caliper from BRAKE CALIPER under the Braking System category, designed for optimal performance.",Fixed Brake Caliper.jpg
13,62,Floating Brake Caliper,587.17,24,"Floating Brake Caliper from BRAKE CALIPER under the Braking System category, designed for optimal performance.",Floating Brake Caliper.jpg
13,63,High-Performance Brake Caliper,766.33,24,"High-Performance Brake Caliper from BRAKE CALIPER under the Braking System category, designed for optimal performance.",High-Performance Brake Caliper.jpg
13,64,Single-Piston Brake Caliper,923.64,13,"Single-Piston Brake Caliper from BRAKE CALIPER under the Braking System category, designed for optimal performance.",Single-Piston Brake Caliper.jpg
13,65,Dual-Piston Brake Caliper,800.27,22,"Dual-Piston Brake Caliper from BRAKE CALIPER under the Braking System category, designed for optimal performance.",Dual-Piston Brake Caliper.jpg
14,66,Ceramic Brake Pad,510.55,15,"Ceramic Brake Pad from BRAKE PAD under the Braking System category, designed for optimal performance.",Ceramic Brake Pad.jpg
14,67,Semi-Metallic Brake Pad,892.4,13,"Semi-Metallic Brake Pad from BRAKE PAD under the Braking System category, designed for optimal performance.",Semi-Metallic Brake Pad.jpg
14,68,Low-Metallic Brake Pad,550.53,26,"Low-Metallic Brake Pad from BRAKE PAD under the Braking System category, designed for optimal performance.",Low-Metallic Brake Pad.jpg
14,69,Organic Brake Pad,978.18,17,"Organic Brake Pad from BRAKE PAD under the Braking System category, designed for optimal performance.",Organic Brake Pad.jpg
14,70,High-Performance Brake Pad,670.24,24,"High-Performance Brake Pad from BRAKE PAD under the Braking System category, designed for optimal performance.",High-Performance Brake Pad.jpg
15,71,Slotted Brake Rotor,553.87,22,"Slotted Brake Rotor from BRAKE ROTOR under the Braking System category, designed for optimal performance.",Slotted Brake Rotor.jpg
15,72,Cross-Drilled Brake Rotor,950.31,28,"Cross-Drilled Brake Rotor from BRAKE ROTOR under the Braking System category, designed for optimal performance.",Cross-Drilled Brake Rotor.jpg
15,73,Vented Brake Rotor,817.17,14,"Vented Brake Rotor from BRAKE ROTOR under the Braking System category, designed for optimal performance.",Vented Brake Rotor.jpg
15,74,Solid Brake Rotor,879.85,30,"Solid Brake Rotor from BRAKE ROTOR under the Braking System category, designed for optimal performance.",Solid Brake Rotor.jpg
15,75,High-Carbon Brake Rotor,716.28,12,"High-Carbon Brake Rotor from BRAKE ROTOR under the Braking System category, designed for optimal performance.",High-Carbon Brake Rotor.jpg
16,76,Vacuum Brake Booster,678.79,26,"Vacuum Brake Booster from BRAKE BOOSTER under the Braking System category, designed for optimal performance.",Vacuum Brake Booster.jpg
16,77,Hydraulic Brake Booster,977.68,11,"Hydraulic Brake Booster from BRAKE BOOSTER under the Braking System category, designed for optimal performance.",Hydraulic Brake Booster.jpg
16,78,Single Diaphragm Brake Booster,787.69,15,"Single Diaphragm Brake Booster from BRAKE BOOSTER under the Braking System category, designed for optimal performance.",Single Diaphragm Brake Booster.jpg
16,79,Dual Diaphragm Brake Booster,723.16,18,"Dual Diaphragm Brake Booster from BRAKE BOOSTER under the Braking System category, designed for optimal performance.",Dual Diaphragm Brake Booster.jpg
16,80,Electric Brake Booster,563.46,13,"Electric Brake Booster from BRAKE BOOSTER under the Braking System category, designed for optimal performance.",Electric Brake Booster.jpg
17,81,Heavy-Duty Coil Spring,792.77,29,"Heavy-Duty Coil Spring from COIL SPRING under the Suspension Parts category, designed for optimal performance.",Heavy-Duty Coil Spring.jpg
17,82,Lowering Coil Spring,880.48,21,"Lowering Coil Spring from COIL SPRING under the Suspension Parts category, designed for optimal performance.",Lowering Coil Spring.jpg
17,83,Progressive Coil Spring,865.41,24,"Progressive Coil Spring from COIL SPRING under the Suspension Parts category, designed for optimal performance.",Progressive Coil Spring.jpg
17,84,Constant Rate Coil Spring,847.23,20,"Constant Rate Coil Spring from COIL SPRING under the Suspension Parts category, designed for optimal performance.",Constant Rate Coil Spring.jpg
17,85,Mini Coil Spring,668.73,24,"Mini Coil Spring from COIL SPRING under the Suspension Parts category, designed for optimal performance.",Mini Coil Spring.jpg
18,86,Multi-Leaf Spring,779.1,23,"Multi-Leaf Spring from LEAF SPRING under the Suspension Parts category, designed for optimal performance.",Multi-Leaf Spring.jpg
18,87,Mono-Leaf Spring,993.2,26,"Mono-Leaf Spring from LEAF SPRING under the Suspension Parts category, designed for optimal performance.",Mono-Leaf Spring.jpg
18,88,Parabolic Leaf Spring,686.4,19,"Parabolic Leaf Spring from LEAF SPRING under the Suspension Parts category, designed for optimal performance.",Parabolic Leaf Spring.jpg
18,89,Heavy-Duty Leaf Spring,501.18,20,"Heavy-Duty Leaf Spring from LEAF SPRING under the Suspension Parts category, designed for optimal performance.",Heavy-Duty Leaf Spring.jpg
18,90,Tapered Leaf Spring,854.14,25,"Tapered Leaf Spring from LEAF SPRING under the Suspension Parts category, designed for optimal performance.",Tapered Leaf Spring.jpg
19,91,Twin-Tube Shock Absorber,917.98,16,"Twin-Tube Shock Absorber from SHOCK ABSORBER under the Suspension Parts category, designed for optimal performance.",Twin-Tube Shock Absorber.jpg
19,92,Monotube Shock Absorber,712.7,15,"Monotube Shock Absorber from SHOCK ABSORBER under the Suspension Parts category, designed for optimal performance.",Monotube Shock Absorber.jpg
19,93,Gas-Charged Shock Absorber,846.82,10,"Gas-Charged Shock Absorber from SHOCK ABSORBER under the Suspension Parts category, designed for optimal performance.",Gas-Charged Shock Absorber.jpg
19,94,Air Shock Absorber,915.94,15,"Air Shock Absorber from SHOCK ABSORBER under the Suspension Parts category, designed for optimal performance.",Air Shock Absorber.jpg
19,95,Coilover Shock Absorber,857.44,10,"Coilover Shock Absorber from SHOCK ABSORBER under the Suspension Parts category, designed for optimal performance.",Coilover Shock Absorber.jpg
20,96,Port Fuel Injector,620.72,27,"Port Fuel Injector from FUEL INJECTOR under the Fuel System category, designed for optimal performance.",Port Fuel Injector.jpg
20,97,Direct Fuel Injector,689.8,11,"Direct Fuel Injector from FUEL INJECTOR under the Fuel System category, designed for optimal performance.",Direct Fuel Injector.jpg
20,98,Mechanical Fuel Injector,740.3,12,"Mechanical Fuel Injector from FUEL INJECTOR under the Fuel System category, designed for optimal performance.",Mechanical Fuel Injector.jpg
20,99,Electronic Fuel Injector,933.87,27,"Electronic Fuel Injector from FUEL INJECTOR under the Fuel System category, designed for optimal performance.",Electronic Fuel Injector.jpg
20,100,Diesel Fuel Injector,557.14,29,"Diesel Fuel Injector from FUEL INJECTOR under the Fuel System category, designed for optimal performance.",Diesel Fuel Injector.jpg
21,101,In-Tank Fuel Pump,901.78,24,"In-Tank Fuel Pump from FUEL PUMP under the Fuel System category, designed for optimal performance.",In-Tank Fuel Pump.jpg
21,102,External Fuel Pump,727.93,16,"External Fuel Pump from FUEL PUMP under the Fuel System category, designed for optimal performance.",External Fuel Pump.jpg
21,103,Mechanical Fuel Pump,858.84,25,"Mechanical Fuel Pump from FUEL PUMP under the Fuel System category, designed for optimal performance.",Mechanical Fuel Pump.jpg
21,104,Electric Fuel Pump,541.8,23,"Electric Fuel Pump from FUEL PUMP under the Fuel System category, designed for optimal performance.",Electric Fuel Pump.jpg
21,105,High-Performance Fuel Pump,905.01,28,"High-Performance Fuel Pump from FUEL PUMP under the Fuel System category, designed for optimal performance.",High-Performance Fuel Pump.jpg
22,106,Glasspack Muffler,866.41,28,"Glasspack Muffler from MUFFLER under the Exhaust System category, designed for optimal performance.",Glasspack Muffler.jpg
22,107,Chambered Muffler,928.96,12,"Chambered Muffler from MUFFLER under the Exhaust System category, designed for optimal performance.",Chambered Muffler.jpg
22,108,Turbo Muffler,721.37,26,"Turbo Muffler from MUFFLER under the Exhaust System category, designed for optimal performance.",Turbo Muffler.jpg
22,109,Straight-Through Muffler,997.26,19,"Straight-Through Muffler from MUFFLER under the Exhaust System category, designed for optimal performance.",Straight-Through Muffler.jpg
22,110,Performance Muffler,842.87,17,"Performance Muffler from MUFFLER under the Exhaust System category, designed for optimal performance.",Performance Muffler.jpg
23,111,Cast Iron Exhaust Manifold,601.62,10,"Cast Iron Exhaust Manifold from EXHAUST MANIFOLD under the Exhaust System category, designed for optimal performance.",Cast Iron Exhaust Manifold.jpg
23,112,Stainless Steel Exhaust Manifold,892.87,12,"Stainless Steel Exhaust Manifold from EXHAUST MANIFOLD under the Exhaust System category, designed for optimal performance.",Stainless Steel Exhaust Manifold.jpg
23,113,Tuned Exhaust Manifold,955.8,21,"Tuned Exhaust Manifold from EXHAUST MANIFOLD under the Exhaust System category, designed for optimal performance.",Tuned Exhaust Manifold.jpg
23,114,Performance Exhaust Manifold,969.27,11,"Performance Exhaust Manifold from EXHAUST MANIFOLD under the Exhaust System category, designed for optimal performance.",Performance Exhaust Manifold.jpg
23,115,Turbo Exhaust Manifold,526.35,21,"Turbo Exhaust Manifold from EXHAUST MANIFOLD under the Exhaust System category, designed for optimal performance.",Turbo Exhaust Manifold.jpg
24,116,Automatic Gearbox,772.23,25,"Automatic Gearbox from GEARBOX under the Transmission category, designed for optimal performance.",Automatic Gearbox.jpg
24,117,Manual Gearbox,874.23,14,"Manual Gearbox from GEARBOX under the Transmission category, designed for optimal performance.",Manual Gearbox.jpg
24,118,Dual-Clutch Gearbox,690.79,11,"Dual-Clutch Gearbox from GEARBOX under the Transmission category, designed for optimal performance.",Dual-Clutch Gearbox.jpg
24,119,CVT Gearbox,931.22,17,"CVT Gearbox from GEARBOX under the Transmission category, designed for optimal performance.",CVT Gearbox.jpg
24,120,Sequential Gearbox,767.26,29,"Sequential Gearbox from GEARBOX under the Transmission category, designed for optimal performance.",Sequential Gearbox.jpg
25,121,Lockup Torque Converter,792.41,14,"Lockup Torque Converter from TORQUE CONVERTER under the Transmission category, designed for optimal performance.",Lockup Torque Converter.jpg
25,122,High Stall Torque Converter,558.96,30,"High Stall Torque Converter from TORQUE CONVERTER under the Transmission category, designed for optimal performance.",High Stall Torque Converter.jpg
25,123,Performance Torque Converter,715.14,23,"Performance Torque Converter from TORQUE CONVERTER under the Transmission category, designed for optimal performance.",Performance Torque Converter.jpg
25,124,Racing Torque Converter,987.2,11,"Racing Torque Converter from TORQUE CONVERTER under the Transmission category, designed for optimal performance.",Racing Torque Converter.jpg
25,125,Heavy Duty Torque Converter,541.24,20,"Heavy Duty Torque Converter from TORQUE CONVERTER under the Transmission category, designed for optimal performance.",Heavy Duty Torque Converter.jpg