user_id,username,email,password_hash,first_name,last_name,created_at,is_active
1,emily.jones,emily.jones@webmail.com,2c345d919873bdda74c4aab04159e924809ab81db0f8cfd68db003e655da0458,Emily,Jones,2022-08-24 06:50:04,False
2,jane.hernandez,jane.hernandez@webmail.com,67308c26b9c8612e4506e896448d8a8a8d1abc0cea5b7d56ec4002ae2f8a6c71,Jane,Hernandez,2021-01-31 22:24:27,True
3,alex.smith,alex.smith@webmail.com,3dcac91f6ff979342b9a886cc572f7113858f2a292d2a2294a464c3d1be37ef0,Alex,Smith,2024-05-25 10:18:47,False
4,michael.martinez,michael.martinez@example.com,aff2f48d992079d9756338e7506610f342b90137b1a2b7a04b459f434ff20726,Michael,Martinez,2020-05-27 19:22:02,True
5,sophia.jones,sophia.jones@webmail.com,7264167b7d59ffc076d47705c3e2c139065c8184cfabf5fecb50d5855ed55a02,Sophia,Jones,2022-10-18 05:08:54,True
6,jane.davis,jane.davis@mail.com,334a43c9369d27356ef16e49b58dfb298a23a0a70cc7c3ff7e4d73cc8a479a0a,Jane,Davis,2022-04-17 17:16:38,True
7,sophia.williams,sophia.williams@example.com,adb5b08e951df801d09411044b59c254fb244785fc282c8b3a47f1ab575adc89,Sophia,Williams,2020-07-01 17:08:04,True
8,michael.davis,michael.davis@mail.com,3ec511cc99b1bcdff2416fe092e931e8aea296019571710b9d18a0e8bded2fbb,Michael,Davis,2022-06-29 07:24:32,False
9,michael.martinez,michael.martinez@webmail.com,41e53c9c7d9464cba1a624d2b858f55cd4608965f240e69e0e5cfb4ac3af72de,Michael,Martinez,2024-03-18 20:43:39,False
10,alex.brown,alex.brown@example.com,da8f7c45ab70f75da69fb00d69e3b8e450db8525cfadf3478478f175c515f7af,Alex,Brown,2021-07-11 13:07:49,True
11,david.williams,david.williams@example.com,4aa0a4f912d7a8a2c21da741d5029269b6ffb335e337c256dfd31bfdd00acdd6,David,Williams,2021-04-16 22:45:25,True
12,sarah.johnson,sarah.johnson@webmail.com,e504b5fe03eaae0b48270cad0359fd952ca8ff7d410caab19d19a7225c44dbcc,Sarah,Johnson,2023-09-03 23:24:04,True
13,john.williams,john.williams@mail.com,cd68f49f6f9129b0e33280ab22579ab7aab003d3b298082f76c60072881f7750,John,Williams,2021-05-27 23:10:25,False
14,john.garcia,john.garcia@example.com,0427052e188204b80d00a32d8d437df306390e1086aaeb70093fe324378a2302,John,Garcia,2020-04-04 04:45:52,True
15,daniel.davis,daniel.davis@mail.com,ce264d7ede5079e0cad83bf1fde7bcb1e7c04faaf8384a83c6544443a3c10811,Daniel,Davis,2024-06-23 22:11:38,False
16,sarah.hernandez,sarah.hernandez@webmail.com,12ec6256e89a8a357afd2ec4a77f9d74d144fb00ef23f0ea132a79ff4e728c8c,Sarah,Hernandez,2022-02-02 22:34:48,False
17,john.smith,john.smith@mail.com,49a7cc52aef79eb55d2a9bdfde8e293876236e0175360006db656fe7238b7cff,John,Smith,2023-02-24 08:03:53,False
18,alex.smith,alex.smith@webmail.com,79423fbd5ba2a9970c8b1434e1653ee9813bfeab7946f426b3996a985723bc92,Alex,Smith,2020-07-26 02:34:09,True
19,michael.johnson,michael.johnson@mail.com,2ac6b8eada7ab3ef789a6bc000b711954ff5fb668d0aa0d9ddcc28adba4e8b07,Michael,Johnson,2022-11-17 21:23:54,True
20,laura.davis,laura.davis@mail.com,32aaa5a0059f338151fc0a4441951faa35e9896645b564f7a548cb0fc9e1a334,Laura,Davis,2022-08-16 15:48:53,False
21,david.smith,david.smith@webmail.com,916fbf716027df24349d3245bbfd92e34769876d18fceeb96ff91440da5a69ab,David,Smith,2023-01-12 12:12:08,False
22,jane.johnson,jane.johnson@mail.com,901a4a9bcece033b770e26fdcf34441c335bb90ceea4139c328444257f126d8a,Jane,Johnson,2022-11-07 16:27:19,True
23,daniel.jones,daniel.jones@webmail.com,7f6a5e6b0746cc9bcaeafcaec10a95e8b2bac78ec5e26843159dd77fb2a7962f,Daniel,Jones,2023-03-14 20:56:58,False
24,jane.garcia,jane.garcia@webmail.com,53e5fb33dac4d90e4dbf78479318582a0e0790d16d9d29289aaa7f1ea496984e,Jane,Garcia,2024-01-22 14:26:33,False
25,michael.hernandez,michael.hernandez@mail.com,81bcaddedb65efbb8e5ab6417aeb608f3f3c9162c4cd4e9de0daa189d2ef71c0,Michael,Hernandez,2022-08-23 10:42:04,True
26,michael.hernandez,michael.hernandez@webmail.com,f3a4827c3561961ec585207061ca0a003c8d3feca994ff8b02ceb629313f5769,Michael,Hernandez,2022-01-15 01:19:41,True
27,sophia.rodriguez,sophia.rodriguez@example.com,67b4b6be595bb32eeb40c7714f85fc6f5e24f56b03f23214f1c7ff54b5963530,Sophia,Rodriguez,2022-01-21 07:02:59,False
28,john.smith,john.smith@webmail.com,47b4708d11f734a74ce6a05e24a78c488b01183081e6975b8ccb7164b95d2cb6,John,Smith,2021-10-14 14:22:41,True
29,daniel.garcia,daniel.garcia@webmail.com,c3f1697fcf6a1501c3558d74ceea660e210965565d66f71dc0c377e08e59a445,Daniel,Garcia,2023-05-14 15:22:41,False
30,michael.davis,michael.davis@mail.com,ad509d6dbb99ccdcb22653df6622c9dae97bda47e992e3c6b6189dfbc64c692d,Michael,Davis,2020-09-13 23:12:31,False
31,laura.smith,laura.smith@mail.com,45eba634e164cc24b53c57b94ae8cac9b7e579709f1bb93ee4fc4415d45fa976,Laura,Smith,2022-02-02 20:04:48,False
32,sophia.brown,sophia.brown@example.com,6cbb69911d92eea3c7b693c4eacc7f9427abafc20dd8f2e9b69230287fabdd0f,Sophia,Brown,2023-08-25 08:04:36,True
33,michael.johnson,michael.johnson@webmail.com,cbf2cb2f45d8c2bb0883bb1308fea835004ec858eee716fac70b1ffe4a761305,Michael,Johnson,2021-12-19 22:27:55,True
34,john.johnson,john.johnson@example.com,086bb2dc0c0279c2546bd500028bab238feb0247091cc687549629fe6374471e,John,Johnson,2022-04-10 19:22:58,False
35,daniel.williams,daniel.williams@example.com,51b31ef6af0fed24835effe11ef1ba46ab94a670f4e425e7eef912bff11852ab,Daniel,Williams,2021-02-15 02:06:49,False
36,sarah.williams,sarah.williams@mail.com,538ea83f63a438122414eeed3b0dcdcf910d1ae306d227887dcf999574f2f9e3,Sarah,Williams,2021-09-04 07:22:26,False
37,sophia.johnson,sophia.johnson@example.com,e8b0bc2e4fa30ed07c73f790e429ea28595a805abe3c69c42c9250667c17db71,Sophia,Johnson,2020-01-01 10:24:16,True
38,david.hernandez,david.hernandez@mail.com,e84f900c87c6c11a05f784e39356d52f567586e01190019da475c91d63d02c58,David,Hernandez,2022-11-11 17:20:03,True
39,david.rodriguez,david.rodriguez@webmail.com,059a38134bfe875f37db8a906ef40ab2e128b31a62fb5441ce2b18fcba8db305,David,Rodriguez,2021-05-29 22:17:10,True
40,michael.martinez,michael.martinez@webmail.com,c1b5eb644fba9fb4c61a96251e1b2376b8aa15bbbf2171c9e760c07a5d4859ab,Michael,Martinez,2024-08-09 11:20:09,True
41,daniel.garcia,daniel.garcia@example.com,26d6bd3a24e6ac86cea24c5e69f8ee9405e5a92ac207386c2a3c8843026d9d2f,Daniel,Garcia,2023-11-06 20:32:28,True
42,sophia.williams,sophia.williams@example.com,d0f23a9fc659b9595b32a615fa240b908dda138112dfbde12fe4581a2096b8dd,Sophia,Williams,2024-01-15 19:26:58,False
43,john.hernandez,john.hernandez@mail.com,8e231455df6a4879622353415529da8a2064fbd3f9511ee34516b2d3041777ad,John,Hernandez,2023-05-20 00:32:11,True
44,sophia.smith,sophia.smith@webmail.com,57f51ac4a95dafd671d32a5a2694fb6205d3c5eeb91bd9126b6ade74822b46d9,Sophia,Smith,2021-04-23 04:39:00,True
45,john.williams,john.williams@webmail.com,d198a1a1a324c708705b3350e6eb23a65ca36e5cc17f398e582785c8286a8101,John,Williams,2024-03-08 20:21:24,False
46,david.rodriguez,david.rodriguez@mail.com,79170163ed4dec85443e7053251075a2544fe25917a74e0e345854088c6a0625,David,Rodriguez,2024-01-05 10:35:15,False
47,jane.rodriguez,jane.rodriguez@mail.com,5b9c0c0f1a456e2aa08fb8163e5c39ae5379b9f18b68ec9ab8ea671944c11a60,Jane,Rodriguez,2024-06-29 14:56:48,True
48,alex.johnson,alex.johnson@mail.com,2e5b14f666ad261d45e8efb20539ff8bc565a3bafc4145e857df8f94da1a8253,Alex,Johnson,2021-09-22 01:45:17,False
49,alex.johnson,alex.johnson@example.com,397b7283330495d3cd1f64fb0d5c5bafe9b7e5b5e39659729e7f497ea9889e8d,Alex,Johnson,2021-11-10 20:50:50,False
50,david.hernandez,david.hernandez@mail.com,3189ccad3763edd201614493f0eda04c806eb379684f99528e473ee83566d1d6,David,Hernandez,2024-07-07 12:37:31,False
